quantile,resp_vulnerability_z
weighted_p25,-0.7356975861079114
weighted_p50,-0.16716403721000034
weighted_p75,0.4430622856084624
